{"cameraMode":{"drawMode":0,"name":"Shaded","section":"Shading Mode"},"sceneLighting":false,"audioPlay":false,"sceneViewState":{"showFog":false,"showMaterialUpdate":false,"showSkybox":false,"showFlares":false,"showImageEffects":false,"showParticleSystems":false},"in2DMode":false,"pivot":{"x":-2.2953999042510988,"y":7.4959001541137699,"z":-5.10359001159668},"rotation":{"x":0.03629259020090103,"y":0.022478250786662103,"z":-0.0008165410254150629,"w":0.9990881085395813},"size":22.0,"orthographic":false}