{"cameraMode":{"drawMode":0,"name":"Shaded","section":"Shading Mode"},"sceneLighting":false,"audioPlay":false,"sceneViewState":{"showFog":false,"showMaterialUpdate":false,"showSkybox":false,"showFlares":false,"showImageEffects":false,"showParticleSystems":false},"in2DMode":false,"pivot":{"x":57.50349426269531,"y":40.2294807434082,"z":18.123321533203126},"rotation":{"x":0.11340504884719849,"y":0.22507834434509278,"z":0.9673587679862976,"w":-0.026386193931102754},"size":111.2254409790039,"orthographic":false}